run_number,rate_avg_value
49080,0
49079,0
49052,265947.7188128211
49051,269140.875939751
49050,272546.575862069
49049,
49048,266474.00030569156
49047,265113.63141553174
49046,244866.56796206895
49045,279382.0365779783
49044,290442.54543799546
49043,298908.941312101
49042,305869.1156561616
49041,316398.1551724138
49040,324962.1551724138
49039,319358.85972671915
49038,312422.1581626024
49035,329257.5855968072
49034,334928.45258259785
49033,389215.7242180909
49032,1205211.0948275863
49031,1223843.1579863864
49030,1263739.318704022
49029,1314213.518141834
49028,1366693.7578471985
49027,1288142.6242363127
49026,1436842.0583732114
49024,1100877.3803658045
49023,1024031.9717317472
49019,1789234.8190796906
49018,1919013.8589187497
49017,1822347.931194125
49016,
49015,1662677.6761828433
49013,
49012,
49011,
49010,
49009,
49008,
49007,0
49006,
49005,
49004,
49003,
49002,
49001,
48999,
48998,
48997,
48996,0
48995,0
48994,
48993,
48992,
48991,840180.9576854949
48990,854935.5810615573
48989,900401.3946731349
48988,960446.3628107691
48987,996097.1375764249
48986,1043952.290907721
48985,1122877.0124551791
48984,1196758.9433108883
48983,1299677.6657079547
48982,1399635.7115713793
48981,1529886.5646551724
48980,
48979,
48976,1654761.9712163475
48975,
48974,
48973,1761596.0464666667
48972,
48971,1041084.2563021658
48970,200677.04166666666
48967,
48952,822023.8931219536
48951,867832.4505728947
48950,
48949,931570.1530474608
48948,
48947,993016.2429339718
48946,1055941.343718262
48945,1123016.0680117817
48944,
48943,1168692.9618071008
48942,1336027.1874818944
48941,
48940,1341472.3994918643
48939,1252332.3805379309
48938,1440522.7393445696
48937,1561130.440205793
48936,2244135.70434953
48935,1863816.6753087244
48934,1903382.4691951147
48933,756940.0237498007
48932,
48931,
48930,
48929,0
48928,0
48927,
48926,
48925,
48918,877589.6154520594
48903,866877.1027137217
48902,880285.8287219115
48901,906159.0507069718
48900,929769.067230083
48899,962491.2807468991
48898,
48897,1034940.4452813016
48777,0
48776,0
48775,0
48774,0
48773,0
48772,0
48771,
48770,0
48769,0
48768,0
48767,0
48766,0
48765,
48764,0
48763,
48762,0
48761,0
48760,
48759,0
48758,0
48757,0
48756,
48755,0
48754,0
48753,
48752,
48751,
48750,0
48749,0
48748,0
48747,0
48746,896923.4421344101
48745,968452.4475140838
48744,521677.1172757827
48743,1054524.2384046686
48742,1101646.175951136
48741,1176009.716570934
48740,
48739,914759.5565057189
48738,1054632.6023236802
48737,1283462.6465517243
48736,1251707.2086982636
48735,1331783.8833475665
48734,1514575.6221669507
48733,1535621.3454166665
48732,1642875.05211432
48731,1851928.3132946845
48730,1953021.995663348
48729,736949.3374091286
48728,
48727,856805.6667286219
48726,920385.7954385779
48725,987988.156725746
48724,996435.9197643679
48723,1006669.1965221263
48722,1070451.4434470772
48721,1179670.2740493256
48720,1268713.6310264913
48719,
48718,
48717,
48716,
48715,
48711,
48710,
48708,
48707,1985298.6535419538
48706,2019314.1941535024
48705,917026.2506155985
48704,
48701,1505882.9094893243
48700,1587545.8411747129
48699,1822655.1256868695
48698,118328.92395154972
48697,
48696,
48695,0
48694,
48693,0
48692,
48691,
48690,
48689,0
48688,
48687,
48686,0
48685,
48684,
48683,
48682,
48681,
48680,
48679,
48678,
48677,
48676,
48675,
48674,
48673,
48672,0
48671,0
48670,0
48669,0
48668,0
48667,0
48666,0
48665,0
48664,0
48663,
48662,
48661,0
48660,870744.0977176388
48659,
48658,919122.0458224018
48657,941047.2060038326
48656,940615.224559746
48655,
48654,
48653,
48652,962008.4797787038
48651,
48650,
48649,
48648,
48647,
48646,
48645,1006987.8553674077
48644,1035758.8404965517
48643,1015759.9471058566
48642,
48641,
48640,1062036.5141592368
48639,1143985.706074133
48638,1197202.14843146
48637,1133393.5337811192
48636,1218922.5338878832
48635,1290979.9751833982
48634,1336165.7251056032
48633,1333309.0703941572
48632,1428417.8802879308
48631,1457863.2963984632
48630,1546762.292487931
48629,
48628,1383435.6635080462
48627,1564480.3774543104
48626,1521657.1200619412
48625,
48624,
48623,
48622,
48621,
48620,
48619,
48618,2188504.065659195
48617,
48616,
48615,0
48614,380924.70159300056
48612,1.2610079342273308
48611,
48610,
48609,
48608,
48607,
48606,
48605,
48604,
48602,
48601,
48600,0
48599,
48598,0
48597,0
48596,
48595,0
48594,0
48593,0
48592,0
48591,0
48589,0
48588,0
48587,
48586,0
48585,0
48584,
48583,0
48582,0
48581,66575.2151426724
48580,0
48579,0
48578,0
48577,0
48576,
48575,0
48574,
48573,0
48572,0
48571,0
48570,0
48569,0.01702787356321839
48568,
48567,
48566,
48565,
48564,0.00024270721966571077
48563,
48562,
48559,0
48558,0
48556,0
48554,0
48553,0
48550,0
48547,0
48546,
48545,
48544,0
48543,0
48542,0
48541,
48540,
48539,
48538,
48537,
48536,849197.6245203782
48535,795203.0434483094
48534,807582.5471746963
48533,872908.6200124291
48532,877965.1067546149
48531,900724.0807732656
48530,945612.868194125
48529,976571.9439439448
48528,931056.0328672413
48527,970672.3249123655
48526,950408.3813343347
48525,
48524,1040860.10267037
48523,1027327.173837931
48522,1026123.5090192523
48521,1053498.2288250101
48520,1090142.2981016093
48519,1117857.6267662162
48518,1172713.3698261725
48517,
48516,1199462.3533454523
48515,1133269.0335316544
48514,1272963.537418041
48513,1287289.0513348992
48512,1368362.641002264
48511,1458157.282337991
48510,1468976.8157094035
48509,
48508,
48507,
48503,
48502,
48501,877677.5412822197
48500,
48499,0
48498,0
48497,
48496,0
48495,0
48494,0
48493,
48492,0
48491,
48490,
48489,
48488,0
48486,0
48485,0
48484,
48483,0
48482,
48481,0
48479,
48475,841157.7864539953
48473,951532.0478175286
48472,
48471,837503.4326539951
48469,888909.755885452
48468,
48467,
48466,976016.91625
48465,213341.99410925928
48464,
48463,1005009.2985619932
48462,1059872.9137620172
48461,1105195.4853139913
48460,
48459,1196781.2286795976
48458,1140859.114688958
48457,1108761.1379166665
48456,1212248.4681548516
48455,1321726.060526931
48454,1412519.0741610155
48453,1515622.6356410917
48452,
48449,
48448,0.00041531398934679004
48447,1057290.5444077596
48446,921418.5311814005
48445,852437.4851596272
48444,1217208.148416092
48443,
48442,82753.24166666667
48441,965528.8964285713
48440,1079501.054088535
48439,
48438,1505188.912536269
48437,
48436,0
48435,0
48434,0
48433,458507.8760221083
48432,1369945.2148983316
48431,1285604.4336979168
48430,1428693.8479443518
48429,1583477.3793103448
48428,
48427,1426251.0237364257
48426,1500192.8202855652
48425,278876.0443609672
48424,
48423,751133.99549618
48422,758596.9781474273
48421,756125.2682517484
48420,
48419,
48418,800716.7887879506
48417,760924.0583212055
48416,845415.4079498122
48415,834157.118456796
48414,851858.4724208334
48413,842807.8325766214
48412,775624.4656486127
48410,973052.211805343
48409,979595.9355727229
48408,
48407,
48406,
48405,
48404,
48403,
48402,
48401,
48400,
48399,353282.09364442446
48398,1049563.8439040845
48397,1262729.3595890803
48396,1075367.5535275862
48395,1298709.592427792
48394,1302053.9573712298
48393,
48392,605460.1597520987
48391,0
48390,378803.5132798621
48389,0
48386,0
48384,0
48383,0
48382,0
48381,0
48380,0
48379,
48378,0
48377,0
48376,0
48375,0
48374,0
48373,
48372,0
48369,733166.4862144578
48368,763210.5399173032
48367,796136.8283036351
48366,814838.8156439249
48365,
48364,827176.5527424769
48363,
48362,
48361,831291.5295567343
48360,838836.4950430259
48359,889213.823788056
48358,652978.0300485484
48357,929216.4853535735
48356,1062737.3688687196
48355,
48354,
48353,715016.289353674
48352,831560.6769217211
48350,865594.3479408046
48349,844321.8876790461
48348,870867.8632488922
48347,908267.8094812195
48346,939186.5287130688
48345,
48344,968564.8808333335
48343,827858.3452446936
48342,1017006.9777727132
48341,1044736.964496919
48340,
48339,
48338,1005929.9034007234
48337,1109066.7299404116
48336,1070445.942274801
48335,1125489.7133265526
48334,
48333,
48332,
48331,
48330,1234305.4804005467
48329,1292037.94403228
48327,480638.6326995832
48326,694390.8657127124
48325,724973.6272438632
48324,747158.4129221732
48323,791332.1155876027
48322,852876.235645977
48321,
48320,767451.083530884
48319,
48318,857574.219443527
48317,
48316,
48315,601916.6708333333
48314,
48313,906853.4649678018
48312,967825.3385438157
48310,1055602.7069361932
48309,1097706.6269934522
48308,
48307,1076808.5906337379
48306,1056421.0421227012
48305,1157146.6803409222
48304,1257635.5078068965
48303,
48302,
48301,0
48300,883937.9837534333
48299,876174.0533037122
48298,
48297,902231.4853316091
48296,923975.7475402299
48295,907701.1100624752
48294,832663.4305717959
48293,818870.2255441016
48292,985007.6682896552
48291,880114.8322780468
48290,1016014.1287482796
48288,771013.8706438219
48287,1129628.7151416666
48286,1087305.0939350838
48284,1058302.5055467233
48283,
48282,1275281.7608146553
48281,423573.54088604695
48280,1372114.031636848
48279,
48278,
48277,
48276,
48275,0
48274,
48273,
48272,
48271,
48268,0
48267,1421355.7226500171
48266,
48265,688061.8938145621
48264,
48263,721739.9460532744
48262,738040.111647739
48261,760625.475148407
48260,751176.8383552033
48259,810558.0891680248
48258,857751.8807888438
48257,920569.1024121925
48256,971284.9027342431
48255,1057908.4956256817
48254,
48253,1213393.9409824521
48252,
48251,1696404.9175390762
48250,0
48249,0
48248,0
48247,0
48246,822783.6522224195
48245,848765.9743317118
48244,849957.5479539573
48243,
48242,801434.1221435897
48241,846570.7478380952
48240,855117.9394749411
48239,842631.249426887
48238,884244.4745453877
48237,891821.471314737
48236,875180.1197390455
48235,
48234,928564.7517389536
48233,1036221.461018759
48232,1096139.5597489611
48231,1280261.169138789
48228,87039.63332828578
48227,
48226,
48225,
48224,
48223,
48222,
48221,
48220,0
48219,
48218,
48217,
48200,
48190,762553.650145742
48189,720716.6084840989
48188,802373.4034115192
48187,800605.1341982986
48186,856596.6136088482
48185,869279.2879278322
48181,917194.2532474678
48180,956268.7254055175
48179,946384.4593322574
48178,1017912.6097062272
48177,1043217.1959954093
48176,1121695.2664474864
48173,1241591.8478100162
48172,1239681.728183102
48171,
48170,1294024.301388889
48168,818742.7873563218
48167,874692.1781425287
48166,872288.3865077591
48165,157018
48164,336111.3520905187
48163,136700.04257241377
48162,0
48161,0
48160,0
48159,
48158,0
48157,
48156,
48155,
48154,0
48153,
48152,0
48151,
48150,
48148,
48147,
48146,
48145,
48144,0
48141,0
48140,0
48139,0
48138,0
48137,0
48134,0
48133,0
48131,
48130,0
48129,0
48128,
48127,0
48126,0
48125,
48124,
48122,0
48121,0
48120,0
48119,0
48118,
48117,0
48116,
48115,
48114,
48112,
48111,
48110,
48109,
48108,0
48107,
48106,0
48105,0
48104,0
48103,0
48102,0
48101,0
48100,799769.2716547619
48099,863135.1202281385
48098,
48097,889653.6462183597
48096,
48095,
48094,
48090,
48089,1077052.4642504344
48088,1288601.2952192756
48087,1067109.598386207
48086,883690.6169142284
48085,909101.2728875641
48084,963110.8910872542
48083,
48082,1000696.9372422844
48081,
48080,995488.4844896104
48079,1055452.4754120691
48078,1096747.7374034482
48077,1093945.7116988506
48076,1131385.81562919
48073,1215810.273915873
48072,1270975.8992068963
48070,1339195.6753931034
48069,
48068,1227629.7296735635
48067,
48066,1422884.6489172413
48065,1367794.6013333334
48064,1453866.869875862
48063,714588.7322222221
48062,1270737.3938068964
48061,897424.8072916667
48060,1593942.8472222225
48059,1162662.2851328258
48056,
48055,
48054,
48053,0.015182849816849817
48052,
48051,0.01674022988505747
48050,
48049,1741645.3793103448
48048,435596.7722460966
48047,0
48046,0
48045,
48044,
48043,0
48042,0
48040,0
48039,0
48038,0
48037,0
48036,
48035,
48029,465869.86763642123
48028,849455.6886732891
48027,1011379.5562499999
48026,
48025,119191.65483272601
48024,761656.7081959471
48023,809486.9676905823
48022,
48021,130610.33702528736
48020,
48019,1053770.3037463084
48017,995528.5443293033
48015,1051892.5085867667
48014,835730.4338199999
48011,1020225.0565792659
48009,1125586.0129785715
48008,1135986.9833417463
48007,1120682.074389368
48006,372967.3703703704
48005,
48004,
48003,1204402.2777355786
48002,1223446.4616576666
48001,1144638.2055643299
48000,1423752.1187908046
47999,1286527.6189814028
47998,641578.0873495798
47997,
47996,
47994,1309966.6222222224
47993,787863.805952381
47992,1864220.902291358
47991,132318.425
47989,766666.5346583333
47988,0
47986,
47985,
47983,
47982,391918.7823485587
47981,331777.28963666665
47980,5504.61416
47979,640351.8473554133
47978,692133.7945414194
47977,702194.0567285802
47976,712959.8208938828
47975,759712.799032511
47974,756159.5344139517
47973,700870.1344946177
47972,795851.816736678
47971,793967.4367424241
47970,
47969,895268.3237391897
47968,
47967,917060.979407775
47966,984356.9460082887
47965,
47964,
47963,
47962,1082567.5365649834
47961,
47960,
47959,
47958,789975.8311013263
47957,197721.92557028812
47956,0
47955,0
47954,0
47953,0
47952,
47950,
47949,
47948,
47946,1385373.8440439487
47944,1486292.239596234
47942,1613808.0042528736
47940,1764378.5934934865
47939,1783922.894641507
47937,648113.7413793105
47936,1837235.6509342075
47935,
47934,
47932,0
47931,0
47930,0
47929,
47928,0
47927,0
47926,0
47925,0
47924,0
47923,0
47922,
47921,0
47920,
47919,
47918,0
47917,0
47916,0
47915,
47914,
47913,
47912,0
47911,
47910,0
47909,0
47908,
47907,0
47906,0
47905,0
47904,0
47903,0
47902,0
47901,0
47900,
47898,0
47895,
47894,
47893,1229723.7078626293
47892,1344147.925927132
47891,1266578.498937931
47890,1370729.3709879632
47889,1369036.0711361058
47888,1458780.751315789
47886,
47885,
47884,
47883,1744213.382527586
47882,1645974.5460574653
47881,370739.30319142423
47880,
47879,0
47878,0
47877,955981.4396551724
47876,
47875,931551.1379310346
47873,903181.6841377938
47872,224887.20689655174
47871,774367.4527579322
47870,925040.6840796296
47869,875205.7963448443
47868,875118.8333333334
47867,885674.4408365786
47866,721587.7165522613
47865,
47864,876521.1
47863,472944.44187282765
47862,0
47861,0
47859,736821.1564225288
47858,946888.1583328444
47856,913170.3940187484
47855,994508.9580367816
47854,515840.2361309834
47853,
47852,962469.9240449149
47851,232312.0640919753
47850,
47849,0
47848,756078.279726852
47847,196913.5268346596
47846,957453.7872359675
47845,376992.1778174325
47844,947133.3526267738
47843,5269.242716666667
47842,333262.1236684974
47841,1028950.9229655173
47840,879650.7166528736
47839,422790.9815770115
47838,442885.7412812594
47837,929958.5539500108
47836,922703.9244414986
47835,632472.0626310589
47834,1057244.1795442952
47833,375844.2586206897
47832,333863.67738088587
47831,1033221.0499500823
47830,
47829,1020036.8807112068
47828,1078081.9632123634
47827,
47826,
47825,1125751.9074074074
47824,1054520.4816008674
47823,
47822,685284.3843971265
47821,1086633.2738209253
47820,
47819,
47818,
47815,1111329.8839243145
47814,1193067.0714285714
47813,828142.809781456
47812,907356.525
47811,1001026.4833642466
47810,1035371.9710844759
47809,
47808,345855.84671362623
47807,1208193.2670319169
47806,
47804,375899.4714959604
47802,1117712.2427278834
47801,
47800,1310115.6681280788
47799,213692.2931034483
47798,1075282.8154716052
47797,1195117.1896551726
47795,1171882.327586207
47794,1182186.9310344828
47793,814226.0208333335
47792,1154907.2068965517
47791,1095462.823203911
47790,
47788,0
47787,
47786,216353.93719410652
47785,1034270.2413793104
47783,1214541.8659752193
47781,0
47780,
47779,94602.43377724868
47778,1293353.4999333334
47777,1303668.0804154351
47776,
47774,
47773,1074586.6273148146
47772,95173.93356348012
47770,695935.1439334196
47769,1499750.0629832398
47768,1712906.377245783
47767,1083809.6827872065
47766,
47765,
47764,0
47763,0
47762,0
47761,0
47760,
47759,0
47758,599012.1173409474
47757,594015.466366105
47756,457923.7843433254
47755,551920.7422666666
47754,480333.58120158734
47753,2338141.541081609
47752,597980.6041666665
47751,631892.7017456105
47750,471505.2330787975
47749,658638.0050698349
47748,650544.6404122523
47747,662882.0140573856
47746,709588.2581931698
47745,723008.5022654517
47744,684016.9376284255
47743,675903.251095579
47742,592630.5753896765
47741,579392.5727027704
47740,708065.8958467017
47739,
47738,
47737,796109.8599103447
47736,
47735,
47734,808345.2427250128
47733,819379.7323090273
47732,879820.6576192786
47731,892495.1033930335
47730,905817.439478377
47729,877649.927174086
47728,827831.9907407407
47727,924146.8205399449
47726,960520.199583732
47725,1016207.1019768441
47724,1049556.8780683053
47723,1092797.95097003
47722,1158192.3318549062
47721,1239978.4904934864
47720,1242723.8037776698
47719,1389017.8404857912
47718,
47717,1419564.1998790938
47716,1482296.4080698302
47715,1594079.3465632605
47714,1768030.3084338035
47713,823299.4765602074
47712,0
47711,
47710,714061.9865077914
47709,0
47708,
47707,0
47706,0
47705,0
47704,0
47703,0
47701,0
47700,0
47699,
47698,0.250144735632184
47697,0.11260566502463054
47696,0
47695,0
47694,
47693,
47692,
47691,0
47690,0
47687,0
47686,0
47685,
47684,0
47683,0
47682,0
47681,
47680,0
47679,
47677,0
47676,
47675,
47674,0
47673,0
47672,0
47671,0
47670,
47669,
47668,
47667,954892.378677371
47666,1093008.8110080694
47665,1068117.683166667
47664,1157993.2718624661
47663,1194102.2823948276
47662,1207630.07547281
47661,1234113.8683417144
47660,
47659,1270007.1551297102
47658,1364629.444779977
47657,1510122.7477695371
47656,1579793.592183908
47655,
47654,1583970.8687609194
47653,1610212.8184804595
47652,
47651,1650836.4897839082
47650,1711509.0203184355
47649,
47648,
47647,1753603.000556322
47646,1317671.028039266
47645,
47644,143313.0999896552
47643,83634.08246896551
47641,
47640,
47639,
47638,890983.992282511
47637,917489.3639024833
47636,956104.1049111818
47635,952031.7541245231
47634,1053210.0439237792
47633,760091.1710705585
47632,941363.0907440477
47631,1054656.3481059163
47630,1109163.7620872764
47629,1110804.7112068965
47628,938334.3038269165
47627,5336.068965517241
47626,1137806.5172413795
47625,1158132.547413793
47624,1105356.4135135654
47623,1175228.1264367818
47622,1127948.2093033271
47621,1138965.446348761
47620,1127810.119829434
47619,1137104.2981044394
47618,423571.3275862069
47617,1151317.4242249485
47616,0
47615,
47614,
47613,
47612,375126.5172413793
47611,1213445.8437747129
47610,196255.9827586207
47609,0
47608,1216678.1129499702
47607,1095981.4653852526
47605,1222619.278938936
47604,1184130.715691366
47603,1265317.0993713143
47602,1283230.8373312666
47601,1199946.919595654
47600,
47599,66140.37624712643
47598,
47597,131048.04405523809
47596,1088832.0228968004
47595,1419336.9443672062
47594,1481215.9573762056
47593,1503287.9655172415
47592,1456158.507741285
47591,1512273.981272399
47590,1511546.6943424814
47589,1480656.6056663303
47588,1459605.377727812
47587,1131769.2264805683
47586,1628219.0630522822
47585,1676681.5215517243
47584,1645132.7165173905
47583,1754017.1594827587
47582,1696612.2081458448
47581,969257.5879058345
47580,
47579,
47578,
47575,
47574,
47573,
47572,0
47571,
47570,1124720.3081172411
47569,
47568,1160123.3136537706
47567,1182075.4335310343
47566,1189221.6559827586
47565,1203621.2878022988
47564,
47563,1238966.6928091953
47562,
47561,
47560,1312115.0139517242
47559,1231634.1782367136
47558,1362990.381788506
47557,1537126.571235561
47556,1559111.2325103446
47555,
47554,160501.21346363172
47553,
47552,806849.1260184356
47551,
47550,
47549,841287.6248673794
47548,827382.3600963713
47547,888750.6511117242
47546,
47545,
47544,894976.4052172414
47543,945767.1155367816
47542,943113.3384126354
47541,967641.9499011335
47540,1026661.0116125408
47539,1031254.32327489
47538,1104465.438697037
47537,
47536,1179262.833751724
47535,1144816.7328413792
47534,
47533,
47532,1615793.5745310346
47531,
47530,778471.2531351481
47529,
47527,
47526,
47525,704542.3666659301
47524,731284.833672917
47523,
47522,769646.5009021483
47521,799517.6624325294
47520,
47519,891216.0826580753
47518,
47517,932416.2108848516
47516,1022285.9094916352
47515,
47514,1191790.6610178477
47513,1468208.1133445897
47512,1648131.187
47511,
47510,
47509,778440.6283532836
47508,822864.2282528735
47507,798274.5472175516
47506,819880.7960840004
47505,895572.2269129017
47504,
47503,934715.9614010626
47502,1007429.9130192023
47501,1120347.993542108
47500,1219947.7022147411
47499,1550463.0943255173
47498,1587938.2440344829
47497,484216.71347485733
47496,506209.2621563219
47495,509084.9492149941
47494,506734.4600280866
47493,
47492,525632.0546690209
47491,503115.0278312358
47490,
47489,602832.7735945842
47488,641388.0207655173
47487,
47486,609618.1519138038
47485,642395.0681642623
47484,710630.9712931947
47483,
47482,735645.7181546625
47481,765717.3715620689
47480,753909.5027610188
47479,
47478,863271.5916186018
47477,
47476,1003011.6636833797
47475,905841.7413793105
47474,1081492.132948017
47473,897008.2437818763
47472,
47471,0
47470,496980.1519989162
47469,889107.3878050976
47468,0
47467,
47466,
47465,0
47464,687458.0053145818
47463,707977.2422435646
47462,720883.140113317
47461,758212.5086503784
47460,786699.9285586206
47459,796573.0918861112
47458,826296.0855285837
47457,873487.7512943645
47456,898130.2081965519
47455,904579.1703162197
47454,964456.1406754532
47453,1014496.3141471264
47452,
47451,1046247.3507391562
47450,1032282.5773654322
47449,
47448,
47447,
47446,
47445,844165.7965109099
47444,
47443,932649.5315911251
47442,
47441,
47440,996203.0662872519
47439,1040239.759887931
47438,1071096.4889655174
47437,1104351.9354528736
47436,1139105.9284957855
47435,1168997.6144822298
47434,1256074.9222965515
47433,1244053.6686666668
47432,1369043.9526229885
47431,
47430,0
47429,0
47422,
47420,
47419,
47418,
47417,
47416,
47415,1135532.4354574713
47414,1121040.5985389673
47413,
47412,1171052.7928840762
47411,
47410,1256382.491475862
47409,
47408,
47407,558705.1268589471
47406,730166.3078747126
47405,723976.8265049808
47404,
47403,
47402,
47401,
47400,
47399,801640.5518613794
47398,805519.3859862069
47397,825734.9307396553
47396,869881.8426056941
47395,905053.5737568713
47394,922609.0234817738
47393,961219.5424847129
47392,
47391,1002679.8772132087
47390,
47389,1054219.6703310343
47388,
47387,
47385,1484605.6869116984
47384,
47383,39319.879310344826
47382,672852.3170363986
47381,804884.4505745627
47380,816303.4798675862
47379,830181.7077689655
47378,851517.7952203738
47377,919799.7209595419
47376,950898.3217214659
47375,969714.57766424
47374,1032949.5306850575
47373,1047780.1758275862
47371,1205085.7604444446
47370,1058970.4693026743
47369,98190.44408706899
47368,89275.62826142643
47367,
47366,
47365,
47364,0
47363,705442.5586427859
47362,
47361,
47360,754599.4335917213
47359,
47358,779933.8505747127
47357,780776.1952250629
47356,579492.2036355392
47355,787630.7512670143
47354,759370.6648185612
47353,811864.6373955196
47352,796177.3931788118
47351,
47350,878493.7743228243
47349,917538.4977249894
47348,951322.458832184
47347,1003015.6651637135
47346,1084063.8032986112
47345,1116492.397737931
47344,1134224.6371373562
47343,
47342,1265247.2107149425
47341,830514.1354393126
47340,
47339,
47338,
47337,
47336,0
47335,
47334,894608.6887592385
47333,927998.3260969077
47332,952858.9377578543
47331,
47330,974358.6626942529
47329,
47328,
47327,
47326,
47325,1117074.9660904214
47324,
47323,1103730.775406742
47322,988890.4361732643
47321,
47320,1263014.5086195404
47319,1281581.122864368
47318,709747.5308478235
47317,279543.48524
47316,823999.8221833769
47315,839564.5774481414
47314,865239.643964782
47313,912932.5997456622
47312,954633.2029643678
47311,948139.2841241378
47310,1004386.9091263679
47309,
47308,1039747.425475862
47307,
47306,1053785.3392031349
47305,1045942.1235862069
47304,155021.45689655174
47303,1077939.4423545976
47302,871878.6206896552
47301,991333.6119061728
47300,
47299,317531.2984992423
47298,
47297,1100999.567963218
47296,
47295,367925.21714276576
47294,813157.9181729234
47293,1105515.683595997
47292,1009244.1438575147
47291,1137239.458983422
47290,854803.1845475759
47289,1064827.0754339164
47288,1189092.208687346
47287,1225115.6756372415
47286,
47285,1272751.3495401342
47284,1178178.2009612685
47283,
47282,
47281,0.5431034482758621
47280,249534.66360864288
47279,0
47278,
47277,
47275,0
47272,0
47271,0
47270,0
47269,0
47268,0
47264,
47230,679240.1639274893
47229,688030.8615012415
47228,
47227,708712.8391770114
47226,
47225,
47224,731060.6695632185
47223,700104.5192307694
47222,640217.0291264368
47221,
47220,742442.45725
47219,762409.9106762448
47218,796957.6419510086
47217,
47216,828461.0237865354
47215,
47214,
47212,
47211,895190.568318774
47210,
47209,891143.7940942529
47208,
47207,917502.5508827587
47206,
47205,
47204,953665.3752764293
47203,981412.7254983507
47202,1060799.8839909837
47201,1151824.8346931036
47200,1142132.2283797618
47199,663468.384705818
47198,738101.0048648298
47197,
47196,726666.6172888889
47195,751085.6509434083
47194,593509.6781813724
47193,612905.7043686114
47192,719983.4156659977
47191,819534.790948276
47190,812894.400882404
47189,851127.9469341696
47188,812562.414334904
47185,973187.1612904306
47184,961633.5127200108
47182,
47181,637804.8513957307
47180,1036777.659984709
47179,1010162.1673746646
47178,1069108.0839418168
47177,1091478.4896639658
47176,
47175,
47174,1168382.876368691
47173,
47172,
47171,
47170,
47169,
47168,0.02561149425287356
47167,327144.1853138056
47164,
47163,
47162,688901.6441827666
47161,750259.3020476878
47160,746880.6353766281
47159,254447.0385067302
47158,784380.0744008058
47157,
47156,806305.2599360122
47155,860626.2574087601
47154,
47153,896776.1431775864
47152,958141.5319974994
47151,689245.8795347124
47150,986604.1308904982
47149,518085.4125704024
47148,1007237.9804547856
47147,1051352.938477604
47146,1104171.292499186
47145,683917.5951388888
47144,526450.1976236338
47143,869358.6306335801
47142,
47141,882678.8428154907
47140,967370.6946110369
47139,1042495.8027189238
47138,1110676.0511312769
47137,1087454.436584399
47136,1215804.2374528735
47135,1227660.734276134
47134,284943.00957642414
47133,737309.2466149469
47132,729328.3443862448
47131,720830.3498146774
47130,785540.7030453698
47129,779220.1173212101
47128,
47127,
47126,823823.6336014146
47125,858875.7260978746
47124,940893.4047735896
47123,976028.422493282
47122,
47121,
47120,
47119,
47118,
47117,
47116,1108178.5346567368
47115,1199360.7696933902
47114,1295522.9881638798
47113,355349.7627927893
47112,
47110,
47109,
47108,
47107,0
47106,658455.3168367816
47105,58390.61875
47104,675367.9622233803
47103,745197.3521643181
47102,765835.9315821293
47101,846691.1667443541
47100,940407.2868467683
47099,
47098,1066576.8608205952
47097,1030937.850071329
47096,0.03348045977011494
47095,398073.2974379352
47094,0
47093,0
47092,
47091,687007.7155379074
47090,
47089,696643.4049319506
47088,755999.1511695179
47087,783975.5006175766
47086,
47085,
47084,799754.5111926215
47083,852469.6778373929
47082,
47081,
47080,
47079,852085.5805655172
47077,
47076,
47075,
47074,
47073,
47072,
47071,974898.4196334975
47070,
47069,
47068,872631.1283899705
47067,935869.1251347042
47066,1132219.536424694
47065,207190.41090574887
47064,502489.68511064444
47063,657032.653745409
47062,
47061,693297.9301817893
47060,714370.5060919469
47059,695703.5084555415
47058,746600.1589172414
47057,681890.094
47056,748965.8906323857
47055,836570.1795242558
47054,910907.7335004674
47053,976187.2340158867
47052,1018644.8395896552
47051,1039757.3084200743
47050,1114167.3305167845
47049,370917.6033748811
47048,0.011475248152970944
47046,
47045,
47044,
47043,779204.8670688048
47042,793517.1625172414
47041,819680.6788005467
47040,852275.3200074761
47039,
47038,897743.4890787108
47037,953542.2559006012
47036,1015226.6696567051
47035,
47034,1017488.0092997814
47033,1020316.3674616276
47032,922287.9330135178
47031,
47030,1156758.758208046
47029,1192424.3223441124
47028,
47027,1193075.5981707713
47026,1297832.9509057472
47025,1352126.0206344826
47024,946420.8430437975
47023,0
47022,711594.3751773232
47021,
47020,
47019,750676.8380242264
47018,
47017,790461.2098367293
47016,
47015,
47014,818509.4375906198
47013,
47012,862778.5591216212
47011,913848.5209161123
47010,
47009,961834.1741747126
47008,968832.6582628437
47007,997287.7848044916
47006,1053295.6032189706
47005,1079513.9873333334
47004,944297.4690413792
47003,1111239.406324138
47002,1167798.9696408783
47001,283732.1012154669
47000,0.006468460067346061
46999,0.007660525931071909
46998,0.005730688813102607
46997,0
46996,0
46995,0
46994,0.006922945630359423
46993,0.012406315279280582
46992,0.00921855500821018
46991,
46990,
46989,
46988,0
46987,806911.3410283526
46986,784158.6817402873
46985,804875.5545778916
46984,801579.9863847934
46983,855352.7803045978
46982,839066.3283589632
46981,867653.4773651017
46980,888266.8011034483
46979,884240.3057595756
46978,790854.7782308228
46977,897903.1683645414
46976,957259.6042295018
46975,957442.6578988506
46974,0
46973,1039079.3677547463
46972,988954.6823963802
46971,1027851.4116292002
46970,
46969,
46967,1093269.73041375
46966,
46965,1139922.031044166
46964,
46963,
46962,
46961,1236763.3653769842
46960,1441590.9400145686
46959,209153.24770753516
46957,
46956,
46955,
46954,14734.785967081558
46953,
46952,795030.384750624
46951,823850.1187032631
46950,831738.0411448792
46949,901777.5080556541
46948,
46947,951592.223148659
46946,890271.1900184368
46945,843288.3533502299
46944,589655.1531542594
46943,1027161.2906569348
46942,
46941,1149667.5303986906
46940,459551.4038321846
46939,1225076.1370769357
46938,
46937,142589.1260599415
46936,1256850.8895581013
46935,1353993.57951152
46934,1311700.690947159
46933,1240938.4851793102
46932,
46931,1061403.8060344828
46930,1390071.8822094314
46929,
46928,807215.5582506777
46926,471260.9899926888
46925,
46924,769076.6195967748
46923,160953.42134987604
46922,797471.9426295188
46921,641053.5192458403
46920,795177.1965252856
46919,833251.0524168579
46918,813580.7802711768
46917,869056.8854309728
46916,
46915,901565.075888762
46914,946750.3092091954
46913,923548.8664536383
46912,1004612.6005747126
46911,879163.4210256776
46910,624412.5680051813
46909,1077921.9222382077
46908,1087857.998275862
46907,
46906,1058954.5340393211
46905,1144548.8473908696
46904,1006935.6110305378
46903,1234136.3049804096
46902,1253080.1840784736
46901,796078.7225498982
46900,1397719.3653898581
46898,456812.0617965235
46897,500663.839578747
46895,
46894,
46893,
46892,0
46890,311671.5919832013
46889,991628.5417372986
46888,978953.3683994941
46887,991584.2826274602
46886,1043804.5028735633
46885,1000255.5417623853
46884,998556.941067035
46883,339590.07399789157
46882,
46881,175320.01773649492
46880,1050706.5098032055
46879,483499.1527776191
46878,0
46877,
46876,
46875,
46874,29940.80018241667
46873,1136142.4599747127
46872,
46871,83073.17033505748
46870,
46868,
46867,
46866,1281336.5778609747
46865,0
46864,
46863,1353168.0043871475
46862,
46861,
46860,
46859,
46858,0.01699080459770115
46857,193484.17569275564
46856,116643.03705977013
46855,
46854,
46853,
46852,
46851,62720.0646354921
46850,
46849,
46848,114851.7632321839
46847,
46846,
46845,116756.39985977011
46844,113665.96599310343
46842,
46841,0
46840,0
46839,
46838,
46837,0.00012120081135902637
46836,204364.20689655174
46835,588217.4250534483
46834,584663.2019708813
46833,591969.327586207
46832,579929.923675862
46831,589374.3315205175
46830,591421.3858402481
46829,576745.889309329
46828,602395.9641793345
46827,596682.734842111
46826,510478.0226855319
46825,596575.9859205757
46824,596814.6596920887
46823,653619.658612129
46822,598476.0495310272
46821,606409.9379727731
46820,594070.6292524765
46819,434570.1190260262
46818,697546.8663793104
46817,429858.6556357831
46816,680482.4346435384
46815,478908.39643549995
46814,686212.1014171962
46813,698219.2217036961
46812,714547.1160913159
46811,719836.8315953235
46810,673707.710441763
46809,743364.3846790122
46807,
46806,
46805,632059.1470787879
46804,
46803,727947.6836506362
46802,
46801,402909.4327550966
46800,0.01674022988505747
46799,164446.59885893817
46798,
46797,
46796,
46794,0
46792,
46790,
46789,524188.3567178499
46788,234788.37435360614
46787,0
46786,30588.06657635947
46785,
46784,0
46783,
46782,208416.00402381868
46781,302335.81192787713
46780,315113.99379944924
46779,328128.90173793107
46778,332120.7739862069
46777,340019.2208173235
46776,30457.8275862069
46775,359399.1723943223
46774,377601.9993609195
46773,147365.6606170599
46772,411859.49980298744
46771,476519.84292514995
46770,548199.036416092
46769,542151.8737112432
46768,599436.8787731448
46767,648761.0632695181
46766,535595.5792379311
46765,724712.1137931035
46764,471912.383634893
46763,0.01674022988505747
46762,
46761,
46760,317213.0041862069
46759,326005.5217945402
46758,326795.7572793104
46757,340652.8390368522
46756,371852.45732203836
46755,379919.21651981695
46754,386835.20755862066
46753,397213.3656583054
46752,418315.10901960346
46751,473485.53886798606
46750,538634.5159187632
46749,
46748,121102.22455209492
46747,270108.6133680645
46746,0
46745,
46744,47526.611942715026
46742,
46741,224244.13633512473
46740,
46739,231228.3028869543
46738,221089.48668965514
46737,
46736,
46735,278919.38072768884
46734,
46733,288544.78160919534
46732,
46731,297539.6945272031
46730,270029.62248201517
46729,315177.7754206896
46728,317754.2266621531
46727,327878.6955864111
46726,332929.87811731076
46725,340050.6654643423
46724,347322.48937471263
46723,359740.13556965516
46722,332803.4078099433
46721,355654.3512636684
46720,377028.29005028383
46719,292635.11206896557
46710,0
46708,392970.55133763654
46707,202484.29488659312
46706,423959.57250881224
46705,250086.20495033273
46704,352032.7644789563
46702,421630.88237179496
46701,0
46700,456890.9359586207
46699,465649.3920183908
46698,207713.1768306922
46697,495535.14685210725
46696,
46695,
46694,530341.0698111993
46693,
46692,586124.4200543074
46691,
46690,17057.99284285714
46689,0
46687,0.0001586751647872746
46686,0
46685,
46683,146572.76111264367
46682,148500.0655172414
46681,154791.6754992337
46680,
46679,152451.94072762725
46678,153993.71865191797
46677,156029.56081407968
46676,170022.4260187475
46675,169618.23288275863
46674,
46673,
46672,169325.70689655174
46671,
46670,196885.40723060444
46669,207818.52276071534
46668,212538.54788885405
46667,235867.88927943507
46666,256026.74745517242
46665,262197.9621971546
46664,278108.3620689655
46663,274880.99091579317
46662,278113.27458850574
46661,308199.6676053814
46660,325060.21354942524
46659,
46658,335438.2378344827
46657,363200.69735996774
46656,402546.53440672584
46655,422753.68872380623
46654,480704.8657063042
46653,531784.2557138638
46652,57597.42128457351
46651,2.9583333333333335
46650,2491.386053793103
46649,352098.1558819962
46648,149821.648101962
46647,371882.96933514293
46646,
46645,433864.3609241379
46644,
46643,95984.83793103449
46642,426384.78556666663
46641,
46640,404516.16208233556
46638,
46635,27449.669642857145
46631,232113.1760275862
46630,
46624,146998.62643678163
46623,340911.2956831655
46622,534868.4536197531
46620,364858.53055555554
46619,605993.1737919827
46618,664409.7712038662
46617,0.007620455512984247
46616,0.00452606540297103
46615,0.005318489513891813
46612,
46611,
46610,
46609,
46608,
46607,
46606,
46605,68415.02011494253
46604,67519.20689655172
46603,72370.98688467809
46602,76249.8832045977
46601,
46600,83795.5096282724
46599,
46598,90962.12364448875
46597,97363.92527011494
46596,99738.55206436782
46595,104779.33035026347
46594,111029.43797422956
46593,125908.47415372262
46592,
46591,151618.78694482756
46590,156664.59502988507
46589,147675.58405797102
46588,154495.09219645133
46587,179499.3475
46586,212062.3593442418
46585,
46584,288156.51338555396
46583,
46582,0.7662413793103448
46581,176403.17478620692
46580,
46579,
46578,
46577,209748.07445720423
46576,
46575,234981.40437011493
46574,260164.7976275862
46573,354922.9917397257
46572,279257.4236605023
46571,
46570,
46569,74282.77413431856
46568,73637.9420275862
46567,75985.0361310345
46566,
46565,79294.29596131647
46564,72180.27289195402
46563,79080.28342782904
46562,82299.35472907445
46561,69765.74333793104
46560,88512.97626217523
46559,108628.38343029602
46558,
46557,118785.8084
46556,114882.19721383567
46555,132861.34951402518
46554,164258.71370606043
46553,212232.36218692714
46552,363592.8405172414
46551,156887.83174140807
46550,
46549,
46548,
46546,61218.045797123414
46545,74042.57586206896
46544,76734.8207678161
46543,72582.63031480332
46542,68852.08226545542
46541,95910.2706340199
46540,106293.6451388889
46539,114774.17763449482
46538,111030.2967678161
46537,149157.02627561786
46536,202346.3981678161
46535,218047.02786666667
46534,242314.65310344828
46533,0.0048955665024630534
46532,
46531,71840.32169430009
46530,75909.03117953351
46529,81574.62425319735
46528,
46527,86268.35937471264
46526,89097.43379765253
46525,100840.29122142858
46524,105813.35916321838
46523,109238.97655593952
46522,114057.7757074756
46521,105732.06714285715
46520,
46519,126847.57075
46518,
46517,126724.01717467121
46516,115576.70104166666
46515,134818.92224455593
46514,
46513,
46512,
46511,
46510,
46509,
46508,
46507,185717.16078343685
46506,222857.0782391856
46505,35269.01494280241
46504,
46503,0.008242803465991872
46502,
46501,0.00875
46500,0.01674871794871795
46499,
46498,
46497,0.008392592592592592
46496,
46495,0.008712121212121211
46494,0.6694455937112122
46491,
46490,
46489,150460.14379493592
46488,
46487,
46486,
46484,49722.70242705705
46483,61272.30459310344
46481,58185.79609011656
46480,58061.70458175477
46479,68446.44798078525
46478,37028.558003233506
46477,67651.37127132564
46475,12786.702083333335
46474,11834.64375
46473,72936.85527319253
46472,60804.30768591085
46471,79266.92899026444
46470,85363.94999999998
46469,
46467,51902.65476190476
46466,108112.35733394675
46465,85341.1395644204
46464,119992.43094037262
46463,154435.91342222222
46462,183283.01453083756
46461,140426.35954454326
46460,293868.9087904762
46459,0.009029515599343185
46458,0
46457,56281.972797189155
46456,62301.03281839081
46455,63141.69223253353
46454,68118.53509655171
46453,68413.97024500777
46452,73714.28158744395
46451,81969.22797216561
46450,91628.21293886632
46449,75872.853125
46448,82712.05095800488
46447,101715.26704367815
46446,98099.36549545114
46445,114671.13676473728
46444,
46443,
46442,0.004289215686274509
46441,0.01702758620689655
46440,0.014367816091954025
46439,
46438,32966.043153169325
46437,35691.20265156405
46436,37035.55539654107
46435,38542.000098275865
46434,39703.00045210728
46433,41226.1636882574
46432,40983.790160568664
46431,43052.47761156174
46430,49144.241366511946
46429,54648.83243922911
46428,57530.86669885057
46427,57810.25703908047
46426,
46425,60943.79057259867
46424,56813.87815678215
46423,0.009724249238220158
46422,0
46421,0.010130163023063634
46420,0
46419,
46418,0.010004226918798665
46417,0.006796321839080461
46416,0.0057398905153311286
46415,0.006526750014155484
46414,0.007991045961807457
46413,0.006899316239316239
46412,0.00792510699211119
46411,0
46410,0.007130459770114943
46409,0.008012705790294549
46408,0
46407,0.01289971264367816
46406,0.006599250849092287
46405,0.015517241379310345
46404,0.008474964150957394
46403,0.008537164750957855
46402,0.01034895038610768
46401,0.008495402298850575
46400,0.01562916116933881
46399,0.009887039106383711
46398,
46397,
46396,
46395,
46394,0.0028273809523809523
46393,0.017130012771392082
46392,16219.625912919966
46392,0
46391,
46390,0
46389,
46333,0
46330,0
46329,0
46328,
46325,0
46317,0
46316,0.4086479776559429
46297,0.009717868338557995
46287,0.022921750663129972
46270,0.0022703448275862067
46266,
46262,0.9791503448275863
46259,0.00982167487684729
46254,0.010404056054136582
46244,0.009842202073549137
46239,0.007400384119164907
46137,79351.5152343501
46136,85635.6685724138
46135,92072.65504522344
46134,95593.97853005247
46133,98483.51388061079
46132,99843.81653333333
46131,
46130,103663.06743908046
46129,105881.69050918853
46128,101492.38868079984
46127,113575.92242401202
46126,117784.5453862069
46125,117731.75526761769
46124,130977.94228385636
46123,
46122,146735.36765492553
46121,164269.0850551724
46120,174361.92897011497
46119,
46118,0.0057114942528735625
46117,
46116,
46115,65959.55449358655
46114,
46113,68489.56833678161
46112,68306.50435436255
46111,
46110,59120.918603448285
46109,66133.25862068967
46108,
46107,70686.66085977011
46106,69503.62107789927
46105,72358.31824419777
46104,69280.00818834004
46103,46396.7305557546
46101,
46099,
46098,
46097,80341.44520925925
46096,
46095,
46093,
46092,
46091,
46090,82922.23906650959
46089,
46087,
46086,86937.90335341875
46084,
46083,
46081,
46080,93154.02557210368
46079,
46078,
46077,
46076,98032.4236179765
46075,
46073,
46072,
46070,109711.07426903752
46069,118952.11266666667
46068,127292.90979196936
46067,139049.18812183908
46066,135435.41319054915
46065,150836.20984827587
46064,0.008513793103448275
46063,0.014693322865434177
46062,0
46061,
46060,
46059,27518.72592756878
46058,
46057,
46054,1.3275862068965518
46053,61548.27263448275
46052,72698.6319908046
46051,71869.53414751687
46050,73002.51680864746
46049,67638.13985507246
46048,76233.08626263645
46047,77144.69226206899
46046,76817.246834909
46045,80905.3891549
46044,82095.51466623836
46043,86736.23339955023
46042,81544.49306860764
46041,86301.66995005184
46040,91354.75583124734
46039,100402.35441264369
46038,84004.55681689033
46037,106742.2447446272
46036,122961.91573734855
46035,13580.76551724138
46034,141814.92534294093
46033,
46032,28180.83099042146
46031,0
46030,41326.52975
46029,43092.76339124248
46028,42631.38925517241
46027,2974.6668156282976
46026,44462.20967356322
46025,44111.182881400215
46024,34781.57761502796
46023,44538.48000517486
46022,50431.46120689655
46021,52088.40849240711
46020,
46019,46561.92438294972
46018,32345.440149242422
46017,44684.37230623698
46016,66654.88149885058
46014,62948.94124679719
46013,59931.6434821164
46012,68690.83845522621
46011,59297.73273912346
46010,
46009,85564.12754765924
46008,133306.2877553352
46007,166284.2190955439
46006,208117.3985490026
46005,0.038278862864528855
46004,0.005779369529637397
46003,0.022835873421314035
46002,0.013438384752089838
46001,
46000,
45999,0.021710188747731396
45998,0
45997,
45995,0
45994,0
45992,0
45991,
45990,
45989,0
45988,0
45987,
45986,
45985,
45984,111264.94193016678
45983,0
45982,0
45981,0
45978,0.014967159855293592
45977,0.017113103448275862
45976,0
45975,
45974,0.014517562252814786
45973,
45972,
45971,
45970,
45969,0.004256896551724137
45968,0.004920132502761147
45966,0.01287758620689655
45965,0
45964,0.017241379310344827
45963,
45962,0.012022071450342894
45961,0.017134482758620687
45960,0.01674022988505747
45959,0.014517499642653931
45958,0.017200425713069394
45957,0.013707705117061108
45956,0
45955,0
45954,0
45953,
45952,0
45951,
45950,
45949,
45948,
45947,0
45946,
45944,
45943,0
45942,
45941,68039.49607838606
45940,75950.84708854514
45939,88865.14927919162
45938,122585.52707078207
45937,
45936,172064.30384126984
45935,
45934,
45933,0.03467619047619048
45932,
45931,
45930,11592.398519142767
45929,0.01702758620689655
45928,0.0016034359301830567
45927,0.019703371916838252
45926,
45925,0.01723383934272943
45924,0.017170114942528732
45923,
45922,0
45921,0
45920,0
45919,
45918,0
45917,
45916,0
45915,0
45914,0
45913,0
45912,
45911,0
45910,
45909,0
45908,
45907,
45906,
45905,
45904,
45903,0.021300599009292945
45902,0.00606768058065496
45901,
45900,
45899,
45898,
45897,0
45896,0
45895,0
45893,0
45892,86958.00474263135
45891,
45890,88643.38146742608
45889,84341.99704827587
45888,91954.12397642917
45887,1099.2448275862068
45886,92287.41250114943
45885,93184.99604137932
45884,66322.04407969881
45883,95497.61320153257
45882,87976.8311264368
45881,96373.66893103447
45880,97359.7375862069
45879,99030.40063635855
45878,106671.30624739757
45877,82641.18845708307
45876,117350.0269838441
45875,131012.63979080459
45874,
45873,
45872,139322.4537426752
45871,
45870,
45869,
45868,171937.3879310345
45867,197229.98850689654
45866,
45865,251320.69307265602
45864,0.017170114942528732
45863,0.02153206075533662
45862,
45861,58978.406720017556
45860,62571.128472222226
45859,64777.06372437778
45858,71945.54425616546
45857,78482.91140753154
45856,85625.26617316804
45855,
45854,94570.81019069628
45853,101529.72476657742
45852,110601.1085725677
45851,131443.00198281804
45850,
45849,181070.13892413792
45848,0.012805747126436782
45847,
45845,
45844,
45843,
45842,43677.644422392645
45841,55382.93108886015
45840,
45839,53141.39815384615
45838,55713.9202183908
45837,56910.69962298851
45836,58166.95690943874
45835,58725.89127241379
45834,58184.68890481056
45833,58064.37959016553
45832,59823.35917241379
45831,59944.034613793105
45830,
45829,54795.957456002805
45828,61592.99201377279
45827,62489.03400459771
45826,64522.15290185071
45825,64432.65326386597
45824,66186.57767989635
45823,67868.02698068965
45822,67156.41341630628
45821,68043.74143356294
45820,70080.44637463758
45819,72468.4087682557
45818,74701.44405069828
45817,77729.34746896551
45816,75114.56858501966
45815,79662.77586206897
45814,67312.11804234049
45813,80524.8095788496
45812,85574.50140229885
45811,87995.71246678526
45810,85989.98473563776
45809,88071.97231126677
45808,99435.27380430086
45807,119903.99070925527
45806,
45805,110739.37588391351
45804,
45803,0.0067986758620689645
45802,
45801,
45800,
45799,0
45798,
45797,0
45796,
45795,0
45794,
45793,0
45791,0
45790,
45789,0
45788,
45787,0
45786,
45785,0
45784,0
45783,
45782,0
45781,
45780,0
45779,
45778,0
45777,
45776,0
45775,
45774,0
45773,
45772,
45771,0
45770,0
45769,
45768,
45767,0
45766,9578.679680258949
45765,
45764,
45763,0
45762,0
45761,
45760,0
45759,0
45758,
45757,
45756,
45755,
45754,
45753,
45751,22021.300848484847
45748,
45739,60344.47170315355
45738,59439.47591159778
45737,60061.20176222244
45736,
45735,47416.155284615386
45734,62859.326662068976
45733,
45732,51665.26005381819
45731,
45730,64401.95862068967
45729,65130.62123218825
45728,68467.79756896551
45727,
45726,68082.82463986488
45725,53190.53146605998
45724,75923.02137402772
45723,78269.63073599999
45722,53134.6786554833
45721,79946.15715251546
45720,
45719,8976.543103448277
45718,
45717,
45716,191.34642857142856
45715,182.51770100150327
45714,
45712,0
45711,
45710,0
45709,0
45708,0
45707,
45706,0
45705,
45703,
45702,
45701,
45700,0
45699,0
45698,0
45697,0
45696,0
45695,0
45694,0
45693,0
45692,8951.188323045268
45691,0
45690,
45689,
45688,
45687,227.7877930629654
45685,
45684,
45683,
45682,
45681,
45680,0
45679,
45678,
45677,
45676,0
45675,618990.9652721615
45674,0
45673,0
45672,0
45671,0
45670,0
45669,0
45668,0
45667,0
45666,0
45665,0.00024985417738891745
45664,0
45663,0
45662,0
45661,0
45660,
45659,
45658,
45657,0
45656,
45654,
45653,0
45652,
45651,
45650,0
45649,
45648,0
45647,33064.680299926105
45646,81062.61586257054
45645,85141.64929905586
45644,90392.28240229885
45643,89578.669154023
45642,95775.0980429119
45641,97556.38019770115
45640,100339.92891494253
45639,
45637,126582.11121840395
45636,0
45635,
45634,47941.04128248371
45633,53229.98695429977
45632,35640.185705952375
45631,
45630,3084.1
45629,
45628,63649.17618517802
45627,70373.312348659
45626,71754.45935555555
45625,73214.1703092623
45624,75491.33884904215
45623,
45622,78553.86104781608
45621,
45620,98351.69467157092
45619,103296.00225287356
45618,
45617,0
45616,0
45615,0
45614,29703.48480274931
45613,0
45612,0
45611,0
45610,
45609,
45608,0
45607,
45606,0
45605,
45604,
45603,0
45602,0
45601,
45600,
45599,0
45598,0
45597,
45596,0
45595,
45594,0
45593,
45591,0
45590,
45589,0
45588,0
45584,0
45578,0
45576,
45575,0
45573,0
45572,0
45571,0
45570,0
45569,0
45568,0
45567,0
45561,159113.76388505747
45560,164054.69190470222
45559,172468.3204980843
45558,167419.51083524904
45557,183351.23362111958
45555,0
45554,0
45553,0
45552,101351.80534751156
45551,107517.95070961396
45550,112894.76459705626
45549,114210.55558773945
45548,117389.99466551724
45547,114131.52137588392
45546,112211.22266552252
45545,121625.77426666666
45544,
45543,122950.97696620459
45542,
45541,125782.77260625745
45540,128462.16856697891
45539,132240.41084137931
45538,
45537,134269.354545231
45536,
45535,141286.3542100038
45534,
45533,
45532,139705.9866666667
45531,159616.33466791545
45530,
45529,192238.30735166022
45527,222952.93061379308
45526,231831.81937041943
45525,0
45524,44491.37228308702
45523,
45522,0
45521,0
45520,
45519,
45518,
45517,
45516,23778.017376561154
45514,0
45513,0.0017621294615849969
45512,0
45511,0
45510,0
45509,
45508,0
45506,0
45505,0
45504,
45503,0
45502,0
45501,0
45500,0
45499,0
45498,0
45495,94426.27740718139
45494,97788.65279339081
45493,97313.41769203014
45492,
45491,87766.89601838223
45490,104384.57859834477
45489,110908.71964496419
45488,
45487,115091.3024979422
45486,114148.98509449919
45485,122008.40470804581
45484,123276.90631954023
45483,131769.52927085286
45482,134472.275862069
45481,
45480,
45479,131745.4502865804
45478,119098.92013611253
45477,134531.43426666665
45476,
45475,
45474,
45473,
45472,0
45471,135194.34852767782
45470,140092.5344827586
45469,140811.4609903448
45468,
45467,
45466,
45465,147144.66379310348
45464,137696.42350387745
45463,149431.55172413794
45462,146138.63422803607
45461,138720.20493500293
45458,138330.0990468821
45457,54051.18939770114
45456,
45455,73966.33333333333
45454,153639.51903637144
45453,160576.4375
45452,159558.92528735634
45451,164316.6853448276
45450,162234.6379310345
45449,166897.5827586207
45448,164206.66834772725
45447,169810.84482758623
45446,161579.0168424897
45445,
45444,178191.3240229885
45443,184511.63096398473
45442,
45441,
45440,
45439,200793.49970344827
45438,
45437,
45436,
45435,237688.58674515598
45434,
45432,51983.4234513287
45431,
45428,
45427,0
45426,
45425,0
45424,0
45423,0
45422,0
45421,0
45420,0
45416,0
45415,0
45414,208568.66922302483
45413,207854.7791908046
45412,242961.86017931032
45411,247660.91907218393
45410,270313.99210574717
45409,278644.77409760834
45408,39468.303657391305
45406,
45405,
45404,
45402,101931.27271417607
45401,
45400,117261.91114141642
45399,
45398,38270.34166666667
45397,
45395,167925.64236607877
45394,144425.17144891905
45393,167552.24589804423
45392,181791.2825
45391,86912.49285714286
45390,195277.0901330702
45389,216266.53102528732
45388,
45387,
45384,207838.76383102723
45383,335439.8965517242
45382,
45381,367615.7724306586
45380,
45379,0
45378,0
45377,0
45376,0
45375,0
45374,0
45373,
45372,0
45371,0
45370,0
45369,
45368,0
45367,0
45366,0
45365,
45364,0
45363,
45362,0
45361,
45360,0
45359,0
45358,0
45357,
45356,
45355,
45354,
45353,2985.1009900561344
45352,
45351,0
45350,0
45349,
45348,
45347,
45346,
45344,0
45343,109902.97160689654
45342,0
45341,0
45340,0
45339,0
45338,0
45337,0
45336,
45335,437504.82651931036
45334,2596476.5015526162
45333,8440478.68329885
45332,
45331,
45330,
45329,6935623.782464367
45328,0
45327,1409325.5565126643
45326,2405080.851511281
45325,109803.12439295514
45324,108548.06653793104
45323,112872.49874045044
45322,
45321,
45320,
45319,118202.8297192848
45318,124670.13383643678
45317,
45316,131358.4624323746
45315,138851.30900279846
45314,133081.00957037037
45313,142557.84369131166
45312,
45311,
45310,
45309,
45305,
45304,151550.64215172414
45303,
45302,
45301,
45300,172762.12181609197
45299,184688.43874482758
45298,184419.8646413793
45297,193494.68611724142
45296,
45295,201187.38448965515
45294,212740.9855448276
45293,229144.9191693487
45292,112982.72721701545
45291,115807.13834771304
45290,116521.58896581677
45289,
45288,127203.0840527858
45287,24695.512539184954
45286,134801.1206896552
45285,
45284,136290.24641417622
45283,115096.91379310346
45282,135495.18766392572
45281,140301.41379310348
45280,142280.8448275862
45279,142076.36922207905
45278,150099.22964969414
45277,0
45276,167567.58464061303
45274,167695.51203102153
45273,166411.0878850575
45272,200482.73721758026
45271,99651.11847031816
45270,0
45268,0
45267,0
45266,0
45265,
45264,
45263,
45262,
45261,
45260,87655.7527137931
45259,
45258,128369.80503875573
45257,145258.93460076177
45256,166224.14039133137
45255,197737.94929508673
45254,241778.2979816092
45253,266185.16494636016
45252,113887.14141218392
45251,115823.39108103448
45250,
45249,110857.99448537413
45248,122262.91594524667
45247,127516.28429862068
45246,131638.31002075932
45245,
45244,143181.15321258697
45243,146453.1139962231
45242,153187.34578390804
45241,155027.28739770115
45240,161081.1945294618
45239,
45238,151926.72348045977
45237,175682.6829172414
45236,195541.58207126436
45235,249604.81323882047
45234,0
45233,0
45232,
45231,
45230,95563.26354679804
45229,
45228,
45227,
45226,113466.93103448277
45225,115141.34482758622
45224,113355.99893305334
45223,113458.48872198371
45222,116776.78451798028
45221,115383.10702107749
45220,0
45219,
45218,116511.97690903119
45217,88187.79213581987
45216,117409.82127203066
45215,121861.25561453468
45214,125371.01572909861
45213,
45212,
45211,
45209,137655.36507471267
45207,138145.43120229887
45205,
45204,
45203,150684.70654144482
45202,
45201,159525.92067487686
45200,
45199,183878.386999179
45198,
45197,202447.85880722498
45196,213675.08866005746
45195,239992.60353977015
45194,652.4988958257712
45193,0
45192,0
45191,113465.0127129241
45190,118404.54956797356
45189,123455.58332859316
45188,125066.63046896554
45187,
45186,126925.08021344515
45185,121958.88487654322
45184,
45183,129886.93849137932
45182,0
45181,62312.65977011495
45180,139559.49963541343
45179,147292.5759107612
45178,147906.79700878554
45177,154761.57046084292
45176,151090.45054146688
45175,169631.2593887671
45174,173206.84174124815
45173,
45172,190446.0064586207
45171,198387.75355402302
45170,204330.3865563218
45169,240318.1304449918
45168,268715.72866106796
45167,68379.93328678161
45166,68066.27325812807
45164,70386.94976723476
45163,74021.01093908047
45162,74135.71344215506
45161,78047.9488509342
45160,81372.18851678162
45159,81922.87790114942
45158,81985.90911111112
45157,84195.65940545055
45156,87780.58476859308
45155,96637.68604263324
45154,99137.56278390804
45153,101965.39715946365
45152,
45151,113355.44116126013
45150,118059.17020689655
45149,
45148,126759.81346206897
45147,
45146,136856.9283065134
45145,0
45144,0
45143,
45142,110925.31512345678
45141,117696.8103448276
45140,111500.80500952381
45139,112326.31960184996
45138,0
45137,1567.9507729161346
45136,1391.2758620689658
45135,1737.5862068965519
45134,1671.9440318978723
45133,429.2068965517241
45132,
45131,1691.3119313537677
45130,1729.3793103448277
45129,0
45128,1772.0305264367817
45127,1724.383735632184
45126,
45125,
45124,
45123,
45122,1768.5191586206895
45121,1090.0671814323607
45120,378.84621084896145
45119,1587.206896551724
45118,0
45117,
45116,166.34902729148249
45115,
45114,0
45113,0
45112,127882.37931034484
45111,128129.40327935824
45110,127053.61497815337
45109,0
45108,135417.06896551725
45107,135547.2739940887
45106,142909.889715209
45105,143143.6131324402
45104,
45103,152588.88221584118
45102,160251.51717586207
45101,
45100,152444.47017064804
45099,130588.9384057971
45098,
45097,163447.25583908046
45096,
45095,
45094,
45093,175202.6827264368
45092,171131.47228582375
45091,162108.81087931036
45090,182444.45158390806
45089,
45088,
45087,202594
45086,102556.50657002963
45085,210688.57567724932
45084,0
45083,0
45082,0
45081,
45080,
45079,
45078,0
45077,0
45076,0
45075,21529.61128917501
45074,0
45073,0
45072,0
45071,0
45070,0
45069,
45068,
45067,0
45066,0
45065,0
45064,0
45063,0
45062,0
45061,0
45060,0
45059,0
45058,0
45057,0
45056,0
45055,0
45054,
45053,
45052,110273.960050757
45051,114245.16400389736
45050,110005.76824367818
45049,119363.89655172414
45048,120627.31584412575
45047,109283.31673506493
45046,124946.79629655175
45045,121354.48512437283
45044,127459.18559999998
45043,
45041,130063.80541861888
45040,119126.38972413793
45039,133333.62087816093
45038,129451.20897976206
45037,
45036,140458.232991078
45035,147144.25791723153
45034,161327.1093166449
45033,173046.3527483306
45032,
45031,
45030,
45029,192386.15151724144
45028,199815.60808965514
45027,203950.54627931034
45026,231780.3560045977
45025,0
45024,0
45023,0
45022,
45021,0
45020,0
45019,
45018,0
45017,
45016,0
45015,26068.649232545336
45014,0
45013,0
45011,0.32808160919540236
45008,2.0984144812551713
45007,0
44990,5.35804459770115
44971,0
44970,0
44969,0
44968,0
44967,0
44966,0
44965,0
44964,
44963,
44962,
44960,0
44958,0.005725451559934318
44957,0
44956,
44955,0.5397896551724137
44954,
44953,0.011089961685823756
44952,
44951,0.018601451681566624
44949,0.015105172413793104
44948,0
44947,0
44946,
44945,0
44944,
44943,
44942,
44941,0
44939,8.50488275862069
44934,941134.8818131799
44930,
44928,
44927,
44926,
44925,
44924,
44923,
44922,
44921,
44920,
44919,
44918,
44917,
44916,
44915,
44914,
44913,
44912,
44911,
44910,
44909,
44908,
44907,
44906,
44905,
44904,
44903,
44902,
44901,
44899,
44898,
44897,
44895,
44893,
44892,
44891,
44890,
44888,
44887,
44886,
44885,
44884,
44883,
44882,
44880,
44879,
44878,
44877,
44876,
44875,
44873,
44872,
44871,
44870,
44869,
44868,
44866,
44865,
44863,
44862,
44861,
44860,
44856,0.42090801389415183
44855,
44853,
44852,
44851,
44848,
44847,
44846,
44844,
44842,
44839,
44838,
44837,
44835,
44832,3.281085057471264
44831,1182191.6236849716
44829,
44828,
44826,
44823,3.402777777777778
44821,1.3658128078817735
44820,
44819,
44818,
44816,0
44815,0
44814,0
44813,
44812,
44811,2.326672030651341
44809,
44808,
44807,
44806,4019440.568732184
44805,
44804,
44803,
44786,1939096.515025926
44778,4.821786623310004
44776,
44775,6.620689655172415
44771,2996657.065099234
44769,0.6958128078817734
44768,0
44767,0
44766,
44765,0
44764,
44763,0
44762,1.4052043074219063
44761,0
44760,0
44757,0
44752,0
44747,0.02206229885057471
44740,0.06656238244514107
44739,0.25026827586206896
44738,0
44737,0
44736,0
44735,0
44734,0
44733,0
44732,0
44731,0
44730,
44729,0
44728,0
44727,
44726,
44725,0
44724,
44723,
44722,
44721,0
44720,0
44719,
44718,55136.94583106046
44717,58178.96789885058
44716,55084.891902709365
44715,60497.66273925103
44714,63083.212096551724
44713,53409.122505747124
44712,65331.40793378795
44711,64779.69961876064
44710,68404.44692643678
44709,69921.6042314424
44708,69977.7678413793
44707,72216.07360409804
44706,72744.17733400383
44705,75983.42801839081
44704,75375.78345185185
44703,82646.18284603847
44702,87376.61323156588
44701,95010.73223972858
44700,98596.87541196581
44699,124333.1868413793
44698,139446.36506436783
44696,83768.9727
44695,431968.0283126437
44694,695876.302328056
44692,
44691,78162.65160226692
44690,79023.76289367817
44689,81353.48947084199
44688,
44687,87852.3281386605
44686,92774.03759876211
44685,96920.25761166778
44684,101104.93693425288
44683,108016.6833413793
44682,87706.43296196731
44681,
44680,
44679,141654.46285604496
44678,
44677,57526.86701576278
44676,157025.59917805725
44675,141029.31083172283
44674,187711.3188804598
44673,
44672,162600.2689512727
44671,291632.0250910345
44670,355315.0159862069
44669,447674.378429885
44668,460858.1594620689
44667,
44665,0
44664,
44663,
44662,0
44659,0
44658,
44657,
44656,
44654,
44653,
44652,0
44651,116509.3580367816
44650,116729.21215172415
44649,111866.01291954023
44648,0
44647,273.9357075862069
44646,276.51112795625534
44645,277.77789714117296
44644,282.20726896551724
44643,283.5139117241379
44642,78064.1633908046
44641,77608.6403553083
44640,32459.40256190383
44639,78037.97777126438
44638,90189.99029785421
44637,104581.52165714285
44636,
44635,
44634,
44633,
44632,138763.29745379818
44631,147364.74495739647
44630,164623.98859988392
44629,170314.98160238095
44627,173397.85261149428
44626,202958.04516475098
44625,233397.66050651344
44624,
44623,298656.77971763385
44622,546457.6400781609
44621,72067.80131106554
44620,
44619,74063.16007958262
44618,76340.5522809252
44617,77592.10927356321
44616,79773.76268812225
44615,
44614,84667.26617931033
44613,
44612,
44611,93625.41455339175
44610,103842.86031705301
44609,108833.57579157088
44608,135136.5745288625
44607,
44606,
44605,152644.90160256412
44604,173727.4234494253
44603,203100.52540689657
44602,209956.78861241377
44601,209917.46005401234
44600,249282.44654367818
44599,281867.86291632184
44598,321460.3262004598
44597,377693.8848763219
44596,0
44595,443.2853679948915
44594,376.2105287356322
44593,380.5463083150992
44592,354.87983451884287
44591,
44590,128756.93764206348
44589,
44588,120907.6423954023
44587,
44586,99021.9627777778
44585,
44584,
44583,115033.69772727272
44582,
44581,134479.07350804599
44580,76154.28084371066
44579,136176.57546575417
44578,140351.74296149425
44577,139269.46706083746
44576,142003.70130459772
44575,145627.06421609197
44574,134867.4035659612
44573,140777.47934957224
44572,145871.30401126316
44571,149786.95513103445
44570,
44569,
44568,
44567,
44566,0
44565,123270.71295977011
44564,
44563,
44562,159052.5575935755
44561,214712.7329173437
44560,0
44559,229902.60239310347
44558,233200.51258390804
44557,157127.4706896552
44556,238430.2234732652
44555,0
44554,278744.5615339081
44553,305758.55379837565
44552,319161.3675925926
44551,380723.81340517243
44550,442815.4416942529
44549,468128.46391289285
44548,
44547,
44546,
44544,100247.86973207006
44543,111540.46348965516
44542,94434.55172413794
44541,
44540,113768.16556551724
44539,113452.81466896551
44538,114188.22654022988
44537,
44536,26789.454293896797
44535,119897.32323423168
44534,126029.19603100893
44533,124862.30870674046
44532,133539.9598642918
44531,140861.95396873564
44530,
44529,140567.0246794872
44528,
44527,
44526,157110.77528081802
44525,157681.8747348012
44524,179742.27654295234
44523,207398.97084416446
44522,210500.00263157897
44521,222412.6858482114
44520,280690.217469119
44519,317172.761338665
44518,397244.5989678161
44517,384067.539201377
44516,513847.97631578945
44515,643159.4562988506
44514,
44513,59544.49280766284
44512,60001.470451341
44511,58627.33350689655
44510,58560.779311957005
44509,62578.75371970484
44508,10414.80261172597
44507,67633.62198275863
44506,66480.2528775862
44505,67461.81177622802
44504,
44503,68407.18130838886
44502,76277.58657293204
44501,82816.62703448276
44500,85158.21675402299
44499,86444.55407580364
44498,96049.10280664114
44497,104035.61162298851
44496,86970.45367816092
44495,116875.51826252052
44494,
44493,137715.69728275863
44492,
44491,
44490,
44489,152700.71148045978
44488,
44487,190739.4564125882
44486,241204.4869724138
44485,
44484,357544.31379310344
44483,56291.43694769906
44482,60283.206748527395
44481,56708.150686447894
44480,2305954.423233793
44479,
44478,64530.157756321845
44477,66591.40330459771
44476,65988.2640245211
44474,
44473,
44472,
44471,
44470,
44469,
44468,
44467,
44466,
44465,
44464,
44463,
44462,70500.2679413793
44461,
44460,
44459,80553.63952183908
44458,
44457,80228.56674865718
44456,86638.04775802702
44455,35131.639386206894
44454,35724.20499233717
44453,
44452,0
44451,96093.55591494254
44450,94864.25985965964
44449,
44448,96281.42910538717
44447,112600.42859795497
44446,129705.01380149816
44445,174357.290463711
44443,160446.4556367816
44442,190554.8453155935
44441,
44440,
44438,
44437,
44435,0
44434,59846.196875
44433,63767.62496434516
44432,67975.92804640658
44431,68352.43103448277
44430,6295.600324844722
44429,0
44428,71464.44853630834
44427,36175.50351391895
44426,68201.44527259005
44425,
44424,71492.47170114942
44423,
44422,
44421,81143.04310344828
44420,84354.92672413794
44419,87667.4315711728
44418,111924.48970344827
44417,130470.78609321757
44416,164505.8895137931
44415,
44414,171698.62718721532
44413,39527.44802641036
44412,40218.36621474904
44411,42093.69584058094
44410,43849.30377214215
44409,45697.526991284656
44408,48187.806252298855
44407,
44406,
44405,48222.06301913308
44404,49249.8922137931
44403,48699.95494144317
44402,49394.13416091955
44401,52501.15954510342
44400,54044.948799597216
44399,54830.303140968375
44398,58896.656424192275
44397,66551.44690118253
44396,72779.18848418868
44395,85447.69980045978
44394,
44393,102220.95912818267
44392,
44391,
44390,
44389,
44388,
44387,
44386,
44385,
44384,
44383,
44382,66643.10664572635
44381,71271.55172413793
44380,71963.32299655811
44379,73581.82270712646
44378,74894.14947285589
44377,69216.62710344828
44376,
44375,
44374,
44373,75405.81482325474
44372,81270.41125172414
44371,83187.88997563219
44370,83115.29036091955
44369,84868.9017724138
44368,88600.19040067092
44367,94474.8730221888
44366,94046.35458640133
44365,
44364,108509.34162053406
44363,103930.45247142857
44362,113490.07730114945
44361,
44360,120144.39412311622
44359,125089.52893793101
44358,134748.09326203165
44357,138531.50788699195
44356,
44355,
44354,
44352,
44351,
44350,
44348,
44347,
44346,
44344,
44343,
44342,
44337,
44336,
44335,
44333,
44332,
44331,
44329,
44328,
44327,
44325,
44324,
44323,
44321,
44320,
44318,
44317,15317.09001720139
44316,
44315,
44314,
44312,73697.13913448277
44311,
44300,125628.61580318518
44299,154264.4871510679
44298,166037.3245890459
44297,190051.52339770115
44296,
44295,67668.51232563422
44294,
44293,
44292,68534.51652551709
44291,70961.81045295596
44290,74212.40170344827
44289,72350.28243333334
44288,76688.91505938319
44287,77500.88946811324
44286,79675.21574136979
44285,
44284,81344.80038536564
44283,85637.74683554561
44282,85098.1354423712
44281,90074.82027105699
44280,97090.8475264368
44279,98330.5529591133
44278,
44277,
44275,19170.476345122595
44274,105962.98768128593
44269,107060.29011009853
44267,95348.90074896262
44265,108874.02176360883
44264,120804.26811302685
44263,82971.98534482757
44262,121395.33788825516
44261,130206.58146758622
44258,0
44255,
44250,
44249,
44248,
44247,
44246,
44245,0
44244,
44243,
44242,
44241,
44239,76187.52431967399
44238,82670.36532873564
44237,2224324.9547034483
44236,81290.51630699828
44235,91996.71255164382
44234,91601.16621181308
44233,96759.05541149425
44232,100924.46420859829
44231,105675.49137931035
44230,118235.03278462669
44229,129805.51133854034
44228,156262.70193752187
44227,182184.12406795294
44226,206973.6528448276
44225,57220.65715060015
44224,71181.47460786322
44223,
44222,77225.88475917708
44221,82829.21014086845
44220,88270.63228965517
44219,88363.87298160918
44218,86877.84347126438
44217,
44216,88053.91097793102
44215,90319.10084275863
44214,91409.68238712642
44213,96471.18136679438
44212,94030.24264134195
44211,96723.4500137931
44210,
44209,
44208,100183.22690942277
44207,
44206,105228.97411570883
44205,50923.332100209096
44204,103149.66388997865
44203,104908.59304342128
44202,107800.96717241379
44201,109235.74685977011
44200,114825.07224929758
44199,75440.41449555618
44198,118708.05264044007
44197,126732.44569712644
44196,58352.31707317073
44195,139684.81128027913
44194,0
44189,
44188,
44187,0
44186,0
44185,0
44184,0
44183,0
44182,0
44181,
44180,
44174,0
44173,0
44172,
44167,2471.6862522774163
44162,0
44161,0
44160,0
44159,0
44157,
44156,
44155,
44154,81059.03749425289
44153,
44152,
44151,
44150,
44149,
44148,
44147,85692.47021379312
44146,91322.3850011494
44145,90154.2672413793
44144,90286.28983448276
44143,92883.45779310346
44142,
44141,
44140,94226.00537471264
44139,97881.50810574713
44138,
44137,
44136,
44135,100028.01592643677
44134,
44133,101653.02047758721
44132,105926.84142950703
44131,99357.15406666667
44130,
44129,109410.37688205834
44128,110257.82891034483
44127,
44126,
44125,115953.50227126435
44124,118744.06531839081
44123,122567.89665747128
44122,
44121,125860.21587586206
44120,131838.28217471263
44119,
44118,
44117,
44116,25336.992285677596
44115,160100.54468659006
44114,
44113,173212.25596816977
44112,178864.2883877382
44111,5298.604269369258
44110,0
44102,
44101,
44100,
44099,41054.81896551725
44097,41218.64056979869
44095,43601.67333793103
44094,44151.597890804594
44093,43576.30081685824
44091,43782.93735095785
44089,0
44084,46320.84088965517
44082,54818.00563879987
44081,
44080,55506.08460510856
44079,
44077,57957.93885651686
44076,59213.85132906658
44075,56115.060096551715
44074,59968.334562068965
44073,62267.7192900466
44072,63042.20064579223
44071,65801.84333948833
44070,
44069,68669.96672487594
44068,72095.57396989223
44067,74762.37692765519
44066,78894.74069960108
44065,81826.39212105033
44064,88059.02293276326
44063,95227.56974088671
44062,
44061,98104.84077244857
44060,101163.13349399136
44059,106460.14648275862
44058,105864.0241048276
44057,
44056,
44055,104383.72544349542
44054,109398.68261379309
44053,109242.85762758621
44052,
44051,116345.75334425288
44050,
44049,115146.116354023
44048,114933.99331034481
44047,118868.20164643381
44046,121316.97943448275
44045,122293.1164558693
44044,
44043,126134.80684892424
44042,131548.25313141762
44041,
44040,118312.01381149425
44039,134796.64813563216
44038,
44037,129948.98148505748
44036,138794.95419310345
44035,142887.5261145538
44034,146888.6384413793
44033,150352.97998686373
44032,151968.40110888594
44030,
44029,
44028,
44027,
44026,
44025,
44024,206219.77147126436
44023,205023.34223876958
44022,220617.6965816092
44021,239643.11593218392
44020,
44019,
44018,0
44017,0
44016,
44015,0
44014,0
44013,185880.75050574713
44012,
44011,0
44010,
44009,112005.61314482758
44008,112040.39042589178
44007,117410.7377819376
44006,119616.42242758622
44005,126273.3452275862
44004,
44003,
44002,135557.6673856875
44001,136484.84998335465
44000,
43999,152096.8220214095
43998,159314.99391724137
43997,188547.37528947834
43996,
43995,243601.93570114943
43994,270195.41161532566
43993,80799.26236510178
43992,
43991,
43989,78667.95590865689
43988,94287.74607843136
43987,96777.01839310344
43986,84617.08591895993
43985,107876.13925517243
43984,104820.57750053969
43983,123245.99601406515
43982,142056.2278477176
43981,158584.3166275862
43980,157985.0268206896
43979,
43978,155733.2986195775
43977,170386.77072643678
43976,174454.77796640524
43975,181083.5808413793
43974,160325.8090965517
43973,195698.95603195927
43972,194352.82083333333
43971,
43966,80014.32325903651
43965,73956.75666666665
43964,84613.28857594277
43963,87401.96581954024
43962,89773.24668692813
43961,92985.95784822352
43960,94207.99815211493
43959,
43957,101555.17629770115
43956,
43955,99301.2388551724
43954,101069.68101600355
43953,91187.4104091954
43952,
43951,
43950,99136.53103448277
43949,
43948,
43947,
43946,
43945,49857.50000000001
43944,
43943,109812.03948855173
43942,
43941,
43940,
43939,
43938,
43937,
43936,
43935,
43934,
43932,
43931,
43930,129225.921108046
43929,133684.9151310345
43928,76938.42413793104
43927,
43926,
43925,
43924,
43923,147465.2584091954
43922,
43921,268417.5753793103
43920,158422.6353586207
43919,161544.01863448275
43918,166626.03566781612
43917,170661.46878620688
43916,
43915,
43914,56885.93666800633
43913,244401.3976337165
43912,0
43911,88456.35921540321
43910,84605.37624827586
43909,
43908,92065.31039506005
43907,96602.95220396161
43906,99901.98605648604
43905,101105.75230344829
43904,102538.14548045977
43903,104822.39962460175
43902,
43901,109956.24634133826
43900,
43899,124350.87489684745
43898,133534.5219868167
43897,
43896,151910.28516964786
43895,23289.141666666663
43894,186044.00565832012
43893,258301.01544827587
43892,60880.010080006694
43891,63933.43700778447
43890,66895.92649913793
43889,64863.70590731548
43888,67607.10943908045
43887,68227.40352512315
43886,68733.45026756305
43885,70155.05731843604
43884,70560.46990804598
43883,69161.36206896552
43882,78057.37501000149
43881,76381.0239016491
43880,72969.6477468652
43879,78084.36815476189
43878,
43876,79043.0770620103
43875,85469.79857513457
43874,83423.7976155194
43873,60488.26652353996
43872,91098.22762758621
43871,89349.09542513228
43870,
43869,95803.8928316549
43868,
43867,47463.83784189528
43866,
43865,12414.066903218392
43864,
43863,32696.170870574715
43862,
43861,56482.099717241384
43860,
43859,83311.3497709509
43858,
43857,110283.49541931036
43856,129581.71389034484
43855,137803.28199425287
43853,142640.83991487368
43852,154028.11650574714
43850,161338.46950574714
43847,200626.15643852093
43846,0
43845,66471.96024367816
43844,67615.30181379309
43843,64916.31351065486
43812,87649.78620689656
43811,121915.62167487686
43810,122367.01109328028
43809,126256.22697471266
43808,140257.7463758864
43807,236715.07241566095
43806,77576.18295123133
43805,77409.12847952411
43804,
43803,
43802,80407.76796781611
43801,78931.75057620757
43800,84460.50339331104
43799,90338.65227855145
43798,90027.54030657091
43797,92566.20194349723
43796,91636.45678625909
43795,95420.3095280241
43794,96878.33277965168
43793,101538.49267057714
43792,100860.51408568444
43791,99434.58706527567
43790,105409.05212161418
43789,111527.74772183907
43788,114243.91151481924
43787,119642.8682169091
43786,127162.91346753301
43785,53274.93538016091
43784,66518.09543259544
43783,
43782,66748.49753694583
43781,64990.647940863484
43780,67004.24434197473
43779,48302.06736681838
43778,
43777,67433.32019415862
43776,67890.88760109265
43775,68705.7840892398
43774,68752.83155600696
43773,67655.11969989634
43772,45344.16404956553
43771,
43770,76822.03448275864
43769,75876.20301110424
43768,54216.13700882606
43767,75014.9678129217
43766,77843.25765913677
43765,77016.77989279048
43764,58112.27808113876
43763,78793.60344827587
43762,83220.29310344829
43761,82649.38192733991
43760,82757.5233347522
43759,80982.19775510444
43758,75608.29205143434
43757,
43756,59835.587154726585
43755,54896.14271994703
43754,85638.34071796712
43753,81019.0430689655
43752,87354.94465057472
43751,76478.64505333964
43750,
43749,
43748,55669.219644106735
43747,
43746,13819.343106631302
43745,94202.89655172414
43744,91456.40559752431
43743,
43742,
43741,93616.61540460936
43740,98079.57523773034
43739,98757.2514234483
43738,
43737,
43736,
43735,
43734,
43733,
43732,
43731,102536.0338436567
43730,105462.44346206896
43729,105754.7319586207
43728,105315.38230344826
43727,
43726,
43725,106885.09624380391
43724,109057.84485330779
43723,107626.66788953329
43722,
43721,
43720,114208.20947586207
43719,117932.31949425288
43718,113771.31136363636
43717,66319.56750848767
43716,
43715,121710.03610344826
43714,122488.70538054188
43713,
43712,
43711,104689.08704482758
43710,0
43709,0
43708,0
43707,0
43706,0
43705,0
43704,
43703,
43702,
43701,0
43700,0
43699,0
43698,0
43697,0
43696,0
43695,
43694,0
43693,
43692,0
43691,0
43687,
43686,
43685,
43684,
43683,60080.63281309171
43682,
43681,
43680,
43679,
43678,
43677,
43676,62770.08335649194
43675,
43674,63321.559790126725
43673,62360.63931576631
43672,
43671,
43670,
43669,
43668,
43667,
43666,
43665,69865.25954400488
43664,71949.6179477861
43663,
43662,74586.10443056068
43661,
43660,
43659,76668.33089747129
43658,75797.6052137931
43657,75884.88723333334
43656,79575.09980114944
43655,79996.19984061304
43654,81696.26205517242
43653,
43652,85395.09732413794
43651,
43650,
43649,
43648,
43647,
43646,
43645,
43644,92723.4823333916
43643,96485.62670436784
43642,99904.4749989298
43641,
43640,103698.82426390806
43639,106570.14989655174
43638,
43637,110129.31474367254
43636,114669.53633563218
43635,
43634,
43633,118434.0262345679
43632,
43631,126049.15114022991
43630,129977.7780689655
43628,50191.31034482759
43627,
43626,133616.65317394637
43625,156841.77091750505
43624,184562.04288735637
43617,100213.97566436781
43616,105366.04807988506
43615,107973.64392413791
43614,106736.90516551724
43613,109279.79600689653
43612,114709.20348850575
43611,119455.16790114943
43610,120250.34428735633
43609,125945.09010114943
43608,140128.07203371648
43607,146707.50531471294
43606,158179.07194827584
43605,165641.72683846467
43604,0
43603,
43602,0
43601,
43600,0
43599,0
43598,0
43597,
43596,
43595,115742.46355632185
43594,0
43593,0
43592,0.0018919540229885056
43591,0
43590,0
43589,
43588,0
43587,0
43586,0
43585,0
43580,56925.58399846743
43579,52854.60504115227
43578,56283.57581149425
43574,58937.65224827585
43573,59284.18619831417
43572,59792.909055333934
43571,59670.41007530992
43570,62927.81672183909
43569,
43568,
43567,61537.712373514536
43566,63929.08225429096
43565,65759.06072643679
43564,65221.887811494256
43563,64979.72013026819
43562,66353.93432413792
43561,65260.96778631496
43560,64805.899067789986
43559,66512.7376689655
43558,66837.4016137931
43557,67113.74429512864
43556,67720.86892873562
43555,68908.71210066545
43554,70173.01882950192
43553,71012.75296000001
43552,70385.29358390805
43551,70326.84538970864
43550,73256.30623134796
43549,
43548,75332.7925045977
43547,77186.69350727969
43546,78672.52217103449
43545,
43544,
43543,77294.11884470202
43542,80238.39443006979
43541,77270.99246436781
43540,83389.40284464434
43539,82721.41585287356
43537,84804.22953088474
43536,88247.11894799519
43535,86826.25318160918
43534,90378.41503954024
43533,92688.2024613367
43532,91525.8497757693
43531,97626.09499885057
43530,97215.11839655173
43529,
43528,95332.24106560847
43527,104389.16606703744
43526,111234.28528735631
43525,109793.09133483644
43524,101935.40036781611
43523,109730.51775199553
43522,108101.65893538693
43521,123764.71536666667
43520,
43519,
43518,126048.06910344826
43517,123175.9835602401
43516,125524.0477770115
43515,138703.48530194905
43514,
43513,165783.357433879
43512,
43511,0
43509,0
43508,0
43507,0
43501,0
43500,0
43499,
43498,
43497,
43496,0
43495,0
43494,0
43493,0
43491,0
43490,0
43489,0
43488,
43486,
43485,
43484,
43483,
43481,
43479,
43478,
43477,0
43476,0
43475,0
43474,0
43473,0
43472,0
43471,0
43470,
43469,0
43468,0
43467,0
43466,0
43465,0
43463,
43462,
43461,
43460,0
43459,0
43458,47880.44827586207
43457,36410.12634480484
43456,31726.155172413797
43455,47566.19642857143
43454,50186.06321839081
43453,42296.44144241688
43452,0
43451,49232.67229425288
43450,
43449,47434.55197697536
43448,51282.67241379311
43447,51002.06896551725
43446,
43445,
43444,49763.9954091514
43443,2126.034482758621
43442,54862.34482758621
43441,54914.81034482759
43438,53113.65479410181
43437,54405.17643252953
43436,9806.478448275862
43435,54255.32672382289
43434,7115.764367816093
43433,
43432,66003.26091016798
43431,21064.57471264368
43430,65465.945097701144
43429,
43428,
43427,70086.26424971264
43426,
43425,70828.3542304852
43424,70353.12257471264
43423,71832.37616337786
43422,
43421,14168.486946502055
43420,
43419,75212.73776904763
43418,73532.1317724138
43417,12818.82053960114
43416,73697.91852842821
43415,4615.879310344828
43413,
43412,
43411,75301.5674482769
43410,
43409,76147.19596772149
43408,
43407,78179.54162316967
43406,83141.80160229886
43405,88382.78750344827
43404,90027.78336068966
43403,94031.03550929613
43402,31841.64703231767
43401,94845.31193229643
43400,0
43399,
43398,99034.41379310346
43397,101405.81494344829
43396,102343.91379310346
43395,99101.52218097105
43394,
43392,108310.4029034788
43391,115193.77586206897
43390,115826.6550721839
43389,119372.67637241379
43388,129202.34594942529
43387,
43386,134518.40289655174
43381,0
43380,0
43379,24974.47404259812
43378,0
43377,0
43376,0
43375,0
43374,0
43373,0
43372,0
43371,0
43370,0
43369,0
43365,
43364,0
43363,
43362,0
43361,0
43360,0
43359,0
43357,
43356,0
43355,0
43354,0
43353,0
43352,0
43351,0
43350,0
43349,0
43348,0
43347,0
43346,0
43345,
43344,0
43343,0
43342,0
43341,0
43340,0
43339,0
43338,0
43337,0
43336,0
43335,0
43334,0
43333,0.32352413793103446
43332,0.00046020503261882565
43331,0
43330,0.050247065940713855
43329,
43328,
43326,
43325,
43324,
43323,0
43321,
43320,
43319,
43318,
43317,
43316,
43315,
43314,
43313,57741.34482758621
43312,56434.99075862069
43311,2806.9080459770116
43310,
43309,58283.20171346403
43307,0
43306,0
43305,0
43302,49781.25026206898
43300,
43297,1629.3800348111658
43295,66012.45504344828
43294,
43292,59056.55743545955
43291,
43290,65340.61807983357
43289,67957.49657471266
43288,
43287,66480.28296598553
43286,67547.4206251421
43285,54868.54310344828
43284,68186.53840827587
43283,
43282,
43281,70318.90210857679
43280,11937.357692307694
43279,71153.17448275861
43278,69820.3238003663
43277,71873.65618534484
43276,
43275,74484.11161809889
43274,75542.17394655173
43273,76908.40100641278
43272,0
43271,80334.38613563219
43270,73063.64472106249
43269,81841.53834516565
43268,83115.50595740552
43267,86000.36481463307
43266,83237.27798144452
43265,88521.33594212533
43264,96254.03953793104
43263,94405.18066666667
43262,101247.99731954021
43260,98216.186827495
43259,88968.85644195402
43258,107366.10240229886
43257,107720.02854559389
43256,110107.37257011495
43255,
43254,111388.4695816092
43253,
43252,85389.03684827586
43251,17750.131486463157
43250,0
43249,0
43248,0
43247,0
43246,0
43245,0
43244,0
43243,0
43242,0
43241,0
43240,
43238,0
43237,0
43236,0
43235,0
43234,0
43233,0
43232,0
43231,0
43230,62908.120689655174
43229,64256.43965517242
43228,
43227,
43226,61420.18815884012
43225,
43224,64511.08620689656
43223,65157.980554391586
43222,65537.84482758622
43221,63744.77586206897
43220,64206.73729917708
43219,0
43218,66270.1379310345
43217,62007.9706006689
43216,67801.94827586207
43215,70040.20689655172
43214,
43213,68469.51784844209
43212,71056.10714285713
43211,66037.35928290688
43210,64547.955538461545
43209,52286.63102222222
43208,
43207,65582.18581359136
43206,72507.36206896552
43204,71466.20689655172
43203,70262.78233674947
43202,
43201,67995.0534692256
43200,
43199,5189.034482758621
43198,
43197,72754.86085238095
43196,17282.330357142855
43195,
43194,
43191,69379.26132857143
43190,74093.22413793104
43189,65294.36779016667
43188,74446.0172413793
43187,65312.444371047815
43186,70440.13705758846
43185,10134.71551724138
43184,72764.59782608695
43183,
43182,76877.40769435909
43181,70630.69074074073
43180,
43179,
43178,84506.37931034483
43177,82336.56896551725
43176,81394.8700540953
43175,
43174,
43173,
43172,5214.680066580601
43171,87553.36206896552
43170,87382.34543431987
43169,93955
43168,91478.12068965517
43167,89923.33814272755
43166,94037.5311178161
43165,57508.70992523738
43164,97728.5970661839
43163,100278.67274482758
43161,101446.67985683202
43160,105967.27045540424
43159,112726.35344827587
43158,111221.71101648106
43157,109500.57416795137
43156,118456.8103448276
43155,119962.75963448276
43154,52587.56601746336
43153,116487.12819340659
43152,
43151,121226.09567506786
43150,
43149,152906.80581609198
43148,163213.5
43147,169558.11380098527
43146,184509.6654505747
43145,190284.07615862068
43143,212603.33522854705
43142,237410.74517959772
43141,43627.18103448276
43140,55655.09199047619
43139,7055.419927604451
43138,50869.52316168918
43137,5584.213844842789
43136,64524.6738400216
43135,13695.172413793105
43134,2279859.2712390805
43133,68891.14730902809
43132,70192.70293733504
43131,3700.1781609195405
43130,68382.85107120928
43129,72327.14748793103
43128,73073.8820356322
43127,
43126,75631.14261285063
43125,80885.82289448303
43124,81353.54703148568
43123,84853.51686994865
43122,88282.35370114942
43121,89400.48864730836
43120,93124.55762958691
43119,94704.5913358948
43118,98860.77025172414
43117,100490.59214068965
43116,104369.73089195404
43115,54324.774060743184
43114,100567.09838850575
43113,109475.8275862069
43112,108308.46696777572
43111,120891.60086074413
43110,
43109,127993.11862222222
43108,
43107,0
43106,0
43105,0
43104,32810.46605491933
43103,0
43102,
43101,
43100,
43099,0
43098,
43097,
43096,
43095,0
43094,0
43093,0
43092,0
43091,0
43090,0
43089,0
43088,0
43087,0
43086,0
43085,0
43084,0
43083,0.018414252873563217
43082,0
43081,97612.26052551725
43080,101554.16782625801
43079,112703.27689885057
43078,117328.60022124455
43077,97612.37926380089
43075,
43074,
43073,
43070,
43069,
43066,
43065,
43063,
43061,
43057,
43056,
43055,67344.56241703664
43054,
43053,
43052,
43051,
43050,
43048,
43045,
43042,
43041,72118.79310344829
43040,69878.56896551725
43039,67617.48987692308
43038,73035.91379310346
43037,66265.97066423752
43036,72470.3275862069
43035,73830.74137931035
43034,70750.06301165413
43033,71155.74137931035
43032,74434.35714285713
43031,69718.95961931735
43030,
43029,
43027,70125.44689663332
43026,
43025,75062.17241379312
43024,
43023,
43022,
43021,74495.40229386975
43020,0
43018,11734.474137931036
43016,
43015,76322.44526666666
43014,
43013,
43012,
43010,
43009,
43008,
43007,70108.58087453236
43006,
43005,78403.51326897493
43004,80226.23693460543
43003,79915.38987000902
43001,
